"","Dim.1","Dim.2","Dim.3"
"1",0.0590395251945346,-0.0658781198815508,-0.404276217864457
"2",0.142686387468006,0.708597292890685,0.310056212865537
"3",0.51563919627303,0.589745171063933,-0.0875844140276942
"4",0.381096194702583,0.101693089127972,-0.218140016546027
"5",0.748776478026847,-0.308700240556741,0.282591243419075
"6",0.687742339289658,-0.220582742294466,0.523462006156155
"7",0.19155211835842,-0.319592994283568,-0.186138933920964
"8",0.830181251470333,-0.214302128393686,0.339648094163821
"9",0.782239556490633,-0.216416040043998,0.401515672108981
"10",1.03573136004554,0.167675634092464,0.740101098045527
"11",-0.161633409741676,0.12007482000242,-0.412880811536577
"12",0.199078451355252,0.783849478325701,0.128189856667675
"13",0.0986595793804231,1.02076312835679,-0.347994351163069
"14",-0.11369184285969,0.601082686811196,-0.187985425985992
"15",0.588041171357796,-0.534808191537872,0.0990302572828268
"16",0.350655072080619,-0.0855631073000351,-0.0851303451484919
"17",-0.692287367242315,0.267349946848493,-0.23954182385088
"18",0.862637385476326,-0.353175899050154,0.0472981493515038
"19",-1.89995192596357,1.22836237001564,-0.800072693871252
"20",-0.00916889927335547,0.272671062033555,-0.181655090276973
"21",0.287456525973041,-0.848286023992891,-0.0490194359238308
"22",0.678761181671565,-0.311787452027426,0.372944260901001
"23",0.0029605287098754,0.31655618522163,-0.675657004317032
"24",0.40620779174355,0.383104854914277,-0.335165882934876
"25",0.983920772855948,-0.0515387088601643,0.419707753361827
"26",1.07356500955631,0.113015529519038,0.590722861073784
"27",-5.74059130138349,-0.421515319013425,0.799821038400951
"28",0.74778657572491,0.396782312015105,0.0366786129802428
"29",-5.18562632824197,-0.39704503437423,0.0836523933998592
"30",-1.21269418970032,1.2089012764406,-0.758416045794469
"31",0.177306521391072,0.290605551105771,-0.436857964494466
"32",-0.414621375604022,-2.10722713193274,-1.33514855660513
"33",0.952421051190752,-0.208912161750451,0.181900639877814
"34",-2.96225616439773,-2.21956097542848,1.95251146330527
"35",0.427815160052855,-0.541873098861735,0.305797983109961
"36",0.297602184754171,0.47790036564223,-0.506880015733209
"37",0.534534968334918,-0.420334668286407,0.376643473166635
"38",-0.553137909904205,1.33933750925176,-0.0275760651073026
"39",1.09033930930024,0.0532506905625989,0.461066105753904
"40",0.293083934360014,0.487783796113767,-0.516165726050894
"41",1.0980654906466,-0.160612472869536,0.0687083648297528
"42",0.326504150983478,-1.1776009118287,-0.690361506552308
"43",0.965572103040852,-0.208332287348189,0.164929530997716
"44",1.00125408864444,-0.125047130524705,0.264751158425738
"45",0.0757008364605994,0.534083113248977,-0.492483459072583
"46",0.895051732849411,-0.404438263518855,-0.0885945422723708
"47",0.744666630448495,-0.593251855772913,-0.219750660659387
"48",-5.74059130138349,-0.421515319013425,0.799821038400951
"49",-0.206526326861106,1.02250077033409,-0.706132042037507
"50",0.897168498250363,-0.302157133966609,0.091094991951419
"51",0.572921496875006,-0.316454282076958,0.509527770341272
"52",0.52670276931629,1.02332017632101,-0.517845040070265
"53",-0.263516217923184,0.788195565400116,-0.643139347587414
"54",-0.0378161194521998,1.36892800602244,-0.130182574436646
"55",0.807149452242081,-0.259460146780673,0.290568866145499
"56",-0.183661462588865,0.316429383249079,-0.680294550295489
"57",0.821065699643039,0.115334890999824,-0.143398763713185
"58",-0.372960926027516,0.942044332911426,-0.55479119545167
"59",-0.377777704007713,0.863940712219264,0.595199950365059
"60",0.977725547637149,-0.29860510091301,-0.0128618984772473
"61",-0.578018296223405,0.664621749029752,-0.0728051161267519
"62",1.06457866960295,-0.248109220995922,-0.041637205775386
"63",0.244950248960798,-0.300268962822758,-0.536064484037283
"64",0.911004855478289,-0.0910458727120274,0.449016967686206
"65",1.29664723297682,-0.0740415945989316,-0.0486450331869445
"66",0.623589680947166,-0.416407944490223,0.261720557398739
"67",0.772537461419558,-0.187459122989719,-0.263897479503047
"68",-0.309050524977405,-2.10257215569197,-1.47138514216275
"69",0.360243951022714,-0.244788740141665,0.141848050226309
"70",1.17365823416852,0.087737096150118,0.408550370820873
"71",0.124055940048517,0.233765617620068,0.234188507428398
"72",0.905516878832757,-0.351285197008768,-0.00803678193537088
"73",0.143894021823845,0.274444287559083,-0.37171901074051
"74",0.816639832872255,-0.214899215387551,0.35712296172867
"75",1.02556932558576,-0.205686806670509,0.0875045913108344
"76",0.827228760038124,-0.17255458130788,0.418216502754948
"77",0.719654076832718,-0.219175645740985,0.482280693925814
"78",0.199699363157079,-1.05733787860648,-0.302053497081299
"79",-0.758768523144722,0.549368993288581,-0.580960892256996
"80",-2.32100291805197,1.07237907996911,-0.822115380542684
"81",-0.305105004822214,-2.10239818434977,-1.47647673885825
"82",-4.03369702262671,-0.791326205078514,1.12307170819109
"83",0.86137381211141,-0.303735442870381,0.137287153819328
"84",1.25963611255832,0.028694326811141,0.185429845465963
"85",-0.306376984412962,-2.10245427023654,-1.4748352804887
"86",-0.00557852493181173,0.67239035627403,0.171097456120629
"87",1.17594391933185,-0.243198750080335,-0.185351320824975
"88",-0.404931531789542,0.181456182447242,-0.745120299334909
"89",0.879875176936862,-0.302919655054206,0.113411597668984
"90",1.13705474100329,-0.158893304813404,0.0183936964291611
"91",0.712503966863446,0.827856799579558,0.401650263030411
"92",0.651950628325537,-0.362465791505896,0.319184226294736
"93",1.39254713988421,0.261223586817916,0.418550567381006
"94",0.431362426256354,-0.541716687884661,0.301220323341567
"95",0.0438168325249047,-0.16689925999321,0.77056133841198
"96",0.989378727973028,-0.0875901033192927,0.347877413327824
"97",0.864617757063331,-0.131071889000755,0.44107698290513
"98",0.405441646927564,0.342019500063232,0.16316516987977
"99",1.01947288711379,0.0181047170683359,0.495354579583988
"100",0.701770928015112,-0.469288986880421,0.0602747383812282
"101",-1.54234252762365,1.0512536332142,-0.972388443395105
"102",-4.88141859015257,-0.38363148523012,-0.30892020871061
"103",0.262341631223218,1.34685005295602,0.332496517313093
"104",0.480427914774147,-0.479048749746613,0.345912451651498
"105",1.02897538065949,0.111049421811583,0.64826468020404
"106",0.403077229938551,-0.679352977980708,0.094245834466943
"107",0.950796360744383,-0.052999276341185,0.4624539922895
"108",-0.428522344292432,1.00824951088873,-0.412960943619841
"109",0.537460501361283,0.207289622497114,-0.079006156243429
"110",1.23600487797775,0.254321108477291,0.620564505234286
"111",0.876578729699543,-0.0925638371559128,0.493443036077579
"112",0.705979199593086,-0.236122860849199,-0.109446628685679
"113",0.800638025390007,-0.408601283542074,0.0332440245077502
"114",-0.380715302925112,-2.1057320983908,-1.37890350926513
"115",0.639802622874721,0.363882511950167,0.930700987723369
"116",0.889894300112284,-0.169791445476075,0.337348164940539
"117",-0.440450875769426,0.814040606476267,0.208647489318178
"118",-0.413534156383906,0.98963014332376,-0.576457543745789
"119",0.92200373198011,-0.254395832718995,0.142352243703664
"120",0.844147428484687,-0.659904699572806,-0.474944405873858
"121",0.324597037348845,0.830562601182578,0.431954602359757
"122",0.0706371985576674,1.06130378013525,-0.249721311859152
"123",0.938743259541754,-0.0898227925615313,0.413221239642018
"124",0.706862518472555,-0.41273616314261,0.154259009189019
"125",0.826672980485625,-0.463781632499708,-0.100908287584001
"126",-3.1923379093523,0.11043251592122,-1.25902185458566
"127",-0.42495020324067,0.768400123218068,0.403077066249193
"128",0.087896214010026,0.401220450314161,0.180675773862288
"129",-0.212770846425376,0.773715384483422,0.135322455313092
"130",0.465998780145478,-0.754393290698233,-0.125864333224847
"131",0.893226595945579,-0.302330945785527,0.0961819198999752
"132",0.579160216804174,-0.931586223742114,-0.597120776691152
"133",0.766737279929533,0.348811268637579,1.43176021695384
"134",1.27701880909727,0.121986496384768,0.328170737986161
"135",0.128585773973059,0.661366682361927,-0.259166966800739
"136",0.484648304569246,0.208446846452562,-0.169350298917874
"137",-0.489995847480462,0.512189519004924,-0.598721384047574
"138",0.954405437554093,-0.166946931007598,0.254098129127201
"139",0.827117955440496,-0.0947447301548755,0.557270948461473
"140",0.693161437463399,0.163357038767961,0.20958070565272
"141",-0.0294632365304887,-1.75920757570325,-1.24123358853038
"142",0.583858320454854,-0.67138172762003,-0.13904771540159
"143",0.739115885730853,-0.528146795879751,-0.0959279449871544
"144",0.541221061480886,-1.04227903061985,-0.742778846903801
"145",-0.570778895039758,1.89963970926046,0.283478468793131
"146",-2.0546498036984,1.12789548865811,-0.818106263649069
"147",-0.185378310846567,0.414943913506812,-0.377933282400913
"148",0.696565309730113,-0.469518520215536,0.0669924607132471
"149",0.0443754124563432,-1.06418663748115,-0.101611759867019
"150",-1.09685455409022,-1.80627247281601,0.136208647608271
"151",0.248903836068022,0.875034665711845,0.81602186552382
"152",0.931033952386929,0.0142051450039896,0.609482849139698
"153",-2.91703060928566,0.700072967124551,-0.621436744018451
"154",-0.453393708592755,1.1439863239401,-0.75907296433618
"155",-5.4842773375041,-0.410213568530643,0.46905417366127
"156",-5.74059130138349,-0.421515319013425,0.799821038400951
"157",-4.9112659980182,-0.0978213050555654,1.15780364237082
"158",-0.920492253394749,0.725170500593981,0.613797153437347
"159",0.8982324205624,-0.169423789514628,0.32658802562794
"160",-0.62943755577749,1.35257362934174,-0.683193948658061
"161",-5.74059130138349,-0.421515319013425,0.799821038400951
"162",-4.98458309061177,-0.388180357344708,-0.175788958844802
"163",0.542063724367816,-0.476331018218105,0.266372955689495
"164",0.0293411359500905,0.688592874997764,-0.17847377618966
"165",0.633710484913968,-0.0322334313574367,0.933674753810156
"166",0.859758290858997,-0.303806676672153,0.139371944251708
"167",-0.204984359322571,0.109054169079645,-0.598855632392394
"168",-1.42475517434458,1.36672074220587,-0.735385784259062
"169",1.13315285803024,-0.0102113261390702,0.28915665821568
"170",1.08738008186446,0.021098975201767,0.407722015360848
"171",1.03012961182038,-0.163607995780975,0.156377945146714
"172",0.168261082988521,1.04426629221152,-0.343705498338497
"173",0.683110855168651,-0.247120214275178,-0.0649595881843655
"174",-0.136098500602555,-0.963124402280717,0.325903001855983
"175",0.467187018121089,0.384428291162242,-0.113558611660015
"176",1.17594391933185,-0.243198750080335,-0.185351320824975
"177",0.459404611368479,0.486547451648412,0.0112426047379233
"178",0.000826699090453825,1.14703835370186,-0.292784927535123
"179",0.0377443382062406,0.405275540286042,0.0827297981126869
"180",0.779942087031561,-0.409513837535598,0.0599516238131469
"181",0.144936666503199,0.692958695389489,-0.181569040403462
"182",0.687467557178638,-0.360899729861275,0.27335050337104
"183",0.475994494786046,-0.83997274660525,-0.292323046405272
"184",-0.0690254111625784,0.452283441002962,-0.576373318046899
"185",0.55518934188548,-0.475752265301674,0.249434669189689
